name,first,job,phone_number,email,gender,age
Federico Gottlieb,Federico,Civil Service administrator,1-307-343-3247,federico@gmail.com,male,35-54
Myer Erdman,Myer,"Editor, commissioning",068.416.5725x13772,myer@hotmail.com,prefer not to say,18-34
Rosabelle Hegmann DVM,Rosabelle,Adult guidance worker,(944)233-4455x82073,rosabelle@hotmail.com,female,55+
Dr. Lucious Kling,Dr,Sport and exercise psychologist,1-421-106-0433,dr@me.com,female,55+
Roderick Kuhic,Roderick,"Programmer, systems",+52(8)6382807302,roderick@me.com,other,18-34
Killian Aufderhar,Killian,Data processing manager,1-746-423-8579,killian@me.com,male,18-34
Miss Marilyn Feeney MD,Miss,"Embryologist, clinical",671-463-6502x4500,miss@outlook.com,male,35-54
Mr. Damari Schimmel MD,Mr,Dance movement psychotherapist,+06(2)4648717675,mr@gmail.com,male,Under 18
Azaria Renner MD,Azaria,Occupational psychologist,1-354-127-5322x3446,azaria@outlook.com,female,35-54
Dione Abernathy PhD,Dione,Brewing technologist,(819)195-7980x41726,dione@yahoo.com,female,18-34
Madonna Goodwin,Madonna,Retail buyer,385-312-7520x652,madonna@outlook.com,male,18-34
Kelton Fritsch,Kelton,Ceramics designer,597-233-3121,kelton@outlook.com,female,55+
Arminda Stroman,Arminda,Electronics engineer,739-603-9495,arminda@gmail.com,male,35-54
Kordell Wintheiser-Daugherty,Kordell,Art gallery manager,993.458.9228x344,kordell@hotmail.com,female,55+
Katheryn Kautzer,Katheryn,"Designer, graphic",794.432.7987x2325,katheryn@outlook.com,male,Under 18
Miss Meg Kihn,Miss,Public relations officer,877.112.6047x86608,miss@yahoo.com,female,35-54
Octavie Green,Octavie,Restaurant manager,081-946-5639,octavie@yahoo.com,male,35-54
Dr. Regis Jast,Dr,Restaurant manager,604-336-5996,dr@outlook.com,female,35-54
Leopoldo Harvey,Leopoldo,Bookseller,+27(2)7308982471,leopoldo@gmail.com,male,55+
Elijah Hills-Waelchi,Elijah,Advertising art director,175-593-1334,elijah@me.com,male,18-34
Antonina Zboncak,Antonina,Banker,436-093-4472x8126,antonina@me.com,male,18-34
Clytie Schmeler,Clytie,Public affairs consultant,741-737-7966x1382,clytie@me.com,male,55+
Draven Larkin,Draven,Materials engineer,(284)803-0141x695,draven@hotmail.com,female,35-54
Azul Bogan,Azul,Advertising art director,(413)090-3139x304,azul@yahoo.com,male,Under 18
Tavion Borer,Tavion,Geoscientist,+92(7)3512112303,tavion@outlook.com,female,18-34
Jay Schiller,Jay,Toxicologist,622-106-5634x95214,jay@hotmail.com,male,35-54
Shania O'Conner,Shania,Politician's assistant,051-780-1055x17400,shania@me.com,other,55+
Odalis Williamson,Odalis,Academic librarian,(022)143-3188x39815,odalis@gmail.com,female,35-54
Letty Stehr,Letty,Careers adviser,(367)348-1052,letty@yahoo.com,male,55+
Bluford Hickle,Bluford,Physiotherapist,(177)737-2893,bluford@outlook.com,female,35-54
Zeb Mitchell,Zeb,Airline pilot,1-845-282-5438,zeb@yahoo.com,male,55+
Butch Hansen,Butch,Theatre stage manager,285-392-0355x9028,butch@hotmail.com,male,35-54
Darrion Kemmer DDS,Darrion,Petroleum engineer,(078)709-5328,darrion@gmail.com,male,55+
Winton Robel,Winton,Community education officer,1-135-748-4072x659,winton@gmail.com,female,18-34
Sterling Legros,Sterling,Analytical chemist,08387300204,sterling@me.com,male,18-34
Ms. Honora O'Connell,Ms,"Designer, industrial/product",07061792070,ms@yahoo.com,male,18-34
Claudette Kub,Claudette,Volunteer coordinator,753-812-3346,claudette@gmail.com,male,35-54
Levy Kuhlman,Levy,Civil Service administrator,04017235581,levy@me.com,male,35-54
Matt Pollich III,Matt,Mechanical engineer,(609)995-5119x10824,matt@outlook.com,male,35-54
Dortha Braun-Lynch,Dortha,"Accountant, chartered",907-913-5406x261,dortha@gmail.com,female,35-54
Mayme Jast,Mayme,"Pharmacist, community",753.692.4858x44488,mayme@yahoo.com,male,35-54
Lona Morissette,Lona,Electronics engineer,04390949276,lona@me.com,female,55+
Miss Jacey Bogan,Miss,"Designer, fashion/clothing",681-366-0994x451,miss@yahoo.com,female,18-34
Anton Bogan,Anton,Equities trader,1-728-731-0659,anton@gmail.com,prefer not to say,55+
Jillian Fritsch,Jillian,Recruitment consultant,335.870.7852x71165,jillian@yahoo.com,female,55+
Ms. Felecia Reilly DDS,Ms,Exhibition designer,1-842-741-8001x1118,ms@gmail.com,male,35-54
Evon Reynolds,Evon,Travel agency manager,(709)802-3731,evon@hotmail.com,male,55+
Miss Rinda Dooley,Miss,Government social research officer,1-448-114-0713x925,miss@me.com,male,35-54
Almond Beer,Almond,Insurance claims handler,827-380-5522x9340,almond@hotmail.com,female,35-54
Ellsworth Beer,Ellsworth,Gaffer,1-971-536-3549x71003,ellsworth@me.com,prefer not to say,55+
Mr. Corey Kuhn,Mr,Armed forces operational officer,731-361-3781,mr@yahoo.com,male,35-54
Marge Quigley,Marge,Mental health nurse,892-118-8524,marge@gmail.com,female,18-34
Elmo Littel Jr.,Elmo,Call centre manager,322.787.5620x79710,elmo@gmail.com,female,18-34
Dr. Coraima Kub,Dr,Hospital pharmacist,(641)582-2875,dr@gmail.com,female,18-34
Dr. Darryl Turner,Dr,Mechanical engineer,(689)555-2325x34699,dr@yahoo.com,female,35-54
Ross Macejkovic-Farrell,Ross,Animal technologist,+50(0)9977905599,ross@hotmail.com,prefer not to say,18-34
Jerrie Johnston,Jerrie,Medical sales representative,571.856.1787,jerrie@hotmail.com,male,18-34
Cinda Sawayn,Cinda,Chartered certified accountant,538-908-5578x962,cinda@outlook.com,male,55+
Lemuel Gleichner Sr.,Lemuel,Building services engineer,1-860-508-9899x3700,lemuel@hotmail.com,other,18-34
Margaret Bode-Doyle,Margaret,Public relations account executive,227-011-9860,margaret@yahoo.com,male,18-34
Mable Denesik-Kuhn,Mable,Textile designer,+56(8)3571308100,mable@yahoo.com,male,18-34
Loney Huel,Loney,Software engineer,1-768-007-6139x704,loney@hotmail.com,other,35-54
Matias Lynch,Matias,Chartered loss adjuster,294-632-5200,matias@hotmail.com,female,18-34
Miss Theresia Cremin DVM,Miss,"Scientist, forensic",+10(8)3002037347,miss@yahoo.com,male,35-54
Dr. Shona Weimann DVM,Dr,Metallurgist,1-814-649-3189,dr@outlook.com,male,55+
Hailey Zieme,Hailey,"Producer, television/film/video",028-201-0222x387,hailey@yahoo.com,male,35-54
Miss Blossom Legros,Miss,Paramedic,(287)246-1325x42346,miss@hotmail.com,male,35-54
Miss Kylah Waters,Miss,"Engineer, control and instrumentation",429.732.4735x381,miss@hotmail.com,female,35-54
Nat Schmeler,Nat,"Engineer, aeronautical",(639)380-4445,nat@outlook.com,female,18-34
Lilyana Willms DVM,Lilyana,Osteopath,(417)236-3835,lilyana@outlook.com,male,35-54
Scarlett Walter,Scarlett,Applications developer,1-067-760-5804x702,scarlett@yahoo.com,male,55+
Drucilla Kub,Drucilla,Youth worker,753-955-7701,drucilla@hotmail.com,male,35-54
Miss Cathie Moore DDS,Miss,Estate manager/land agent,220.240.7979x394,miss@gmail.com,male,18-34
Chastity Bartell,Chastity,Cartographer,00808457888,chastity@me.com,male,35-54
Ellar Keebler DDS,Ellar,Drilling engineer,+38(7)6225603997,ellar@me.com,male,18-34
Alvin Beer,Alvin,"Surveyor, minerals",1-711-178-8065x8504,alvin@me.com,female,35-54
Littie Dach,Littie,"Engineer, production",1-900-129-4400x410,littie@yahoo.com,female,35-54
Rahsaan Oberbrunner-Bins,Rahsaan,Landscape architect,+37(1)2150542812,rahsaan@hotmail.com,female,55+
Bennett Lindgren,Bennett,Tour manager,(982)340-0442x72451,bennett@yahoo.com,female,55+
Sim Hirthe,Sim,Industrial buyer,1-157-073-5688x947,sim@me.com,male,35-54
Edyth Baumbach,Edyth,Paediatric nurse,284.784.5148,edyth@gmail.com,female,55+
Hunter Lebsack,Hunter,"Engineer, control and instrumentation",696.985.7984x4770,hunter@me.com,male,55+
Kyson Bahringer-Sanford,Kyson,"Scientist, biomedical",02607170617,kyson@gmail.com,female,18-34
Crockett Hahn,Crockett,"Education officer, environmental",274.398.4953x67705,crockett@gmail.com,other,55+
Miss Dayna Braun,Miss,"Loss adjuster, chartered",(447)125-1777,miss@yahoo.com,male,55+
Kamden Bartoletti,Kamden,"Teacher, English as a foreign language",+01(9)7624063108,kamden@yahoo.com,female,18-34
Tavion Kris,Tavion,Accommodation manager,1-126-702-4744x87932,tavion@gmail.com,male,35-54
Dr. Virgel Schultz Jr.,Dr,"Psychologist, sport and exercise",1-767-592-8976x79325,dr@yahoo.com,male,18-34
Wing Braun,Wing,Contracting civil engineer,1-916-093-7234x3522,wing@outlook.com,male,35-54
Ellison Rath I,Ellison,Dietitian,949-016-1808x72954,ellison@outlook.com,other,35-54
Lavelle Kling,Lavelle,Higher education lecturer,595-348-7445x747,lavelle@gmail.com,female,18-34
Mell Kuhn,Mell,"Programmer, multimedia",767-084-4398x503,mell@me.com,male,55+
June Cartwright DDS,June,Sport and exercise psychologist,604.915.1564x596,june@me.com,female,35-54
Case Grimes,Case,Commercial art gallery manager,(336)275-9689x927,case@me.com,female,18-34
Esco Gislason,Esco,Fish farm manager,989.315.2547,esco@hotmail.com,male,35-54
Zain Pacocha Jr.,Zain,"Administrator, arts",569.862.9309x063,zain@yahoo.com,male,18-34
Mr. Casper Zboncak Jr.,Mr,Trade mark attorney,(485)298-2105x21828,mr@outlook.com,male,35-54
Kody Schaefer,Kody,Water quality scientist,(659)996-9636x000,kody@hotmail.com,male,35-54
Kathy Schinner,Kathy,Water quality scientist,080.621.3341,kathy@hotmail.com,male,35-54
Josefa Altenwerth,Josefa,Manufacturing engineer,487.761.1603x76569,josefa@hotmail.com,female,55+
Perry Wehner,Perry,Operations geologist,+83(8)4104365808,perry@me.com,female,55+
Stevie Bergstrom,Stevie,"Engineer, automotive",(396)220-6374,stevie@gmail.com,male,35-54
Ms. Payten Vandervort,Ms,"Engineer, technical sales",766.025.9777,ms@me.com,male,35-54
Lissette Jacobs,Lissette,Surgeon,620.875.4844x49139,lissette@yahoo.com,male,35-54
Ethan Gleichner Sr.,Ethan,"Optician, dispensing",(388)817-9942,ethan@outlook.com,male,35-54
Coleman Cartwright,Coleman,Management consultant,086.688.3305,coleman@me.com,female,18-34
Isabell Kunde,Isabell,"Surveyor, quantity",01476225939,isabell@me.com,male,18-34
Jamiya Homenick,Jamiya,Leisure centre manager,796.087.0947,jamiya@me.com,male,35-54
Mr. Hence Paucek,Mr,Nutritional therapist,+70(9)8151034289,mr@outlook.com,female,18-34
Carla Becker-Konopelski,Carla,Camera operator,(869)183-9393x826,carla@me.com,female,35-54
Timothy Heathcote,Timothy,Diplomatic Services operational officer,(088)460-5819x0106,timothy@outlook.com,prefer not to say,35-54
Kendra Kovacek,Kendra,Ophthalmologist,+35(8)9858156818,kendra@yahoo.com,female,Under 18
Gayla Ryan,Gayla,Company secretary,(687)866-7088,gayla@yahoo.com,male,18-34
Marva Pagac-Stoltenberg,Marva,Environmental manager,1-796-437-4184,marva@outlook.com,female,18-34
Lucina Dach,Lucina,Mudlogger,010-810-4080x16060,lucina@hotmail.com,female,18-34
Ms. Shanequa Pfeffer,Ms,Medical laboratory scientific officer,+05(8)8026968442,ms@outlook.com,female,55+
Rebekah D'Amore,Rebekah,Acupuncturist,560.551.8544x385,rebekah@hotmail.com,female,55+
Dayana Shields,Dayana,Clinical embryologist,690.491.4485x405,dayana@gmail.com,female,55+
Zachery Bernier-Bartoletti,Zachery,Sports coach,192-579-7421x559,zachery@me.com,male,18-34
Garvin Wolff,Garvin,Museum education officer,(923)787-2878x6937,garvin@hotmail.com,male,35-54
Isabell Moore,Isabell,Counsellor,04100820010,isabell@me.com,male,18-34
Tab Gutkowski-Cartwright,Tab,Chartered legal executive (England and Wales),1-940-498-4121x623,tab@me.com,male,55+
Nicola Schiller,Nicola,"Conservation officer, historic buildings",666.179.6165x70010,nicola@outlook.com,male,35-54
Adrianna Hansen,Adrianna,"Scientist, forensic",1-240-646-8401x171,adrianna@gmail.com,female,35-54
Kasandra Skiles,Kasandra,Contracting civil engineer,+22(1)1043561754,kasandra@hotmail.com,male,55+
Janessa Cole,Janessa,Cartographer,00187709866,janessa@hotmail.com,male,35-54
Tollie Rice DVM,Tollie,Government social research officer,986.698.2241,tollie@hotmail.com,female,35-54
Jacquez Howell PhD,Jacquez,Clinical embryologist,1-545-182-5985x1340,jacquez@outlook.com,male,55+
Marty Wilderman,Marty,"Engineer, electronics",618-365-5750,marty@gmail.com,male,55+
Randle Glover,Randle,Arts development officer,1-623-852-2851x651,randle@outlook.com,other,55+
Elinor Klein,Elinor,Structural engineer,419-037-2062,elinor@yahoo.com,male,35-54
Hayley Hermiston,Hayley,Arts administrator,(444)325-1055,hayley@yahoo.com,male,18-34
Terance Lang,Terance,"Surveyor, rural practice",815.028.9227x044,terance@gmail.com,male,Under 18
Dr. Zechariah Lakin,Dr,Arts development officer,315-370-4642x1017,dr@gmail.com,other,55+
Suzanne Baumbach-Schuppe,Suzanne,Merchant navy officer,(534)542-0261x4983,suzanne@hotmail.com,male,35-54
Elon Streich,Elon,Herpetologist,672.659.9506x773,elon@outlook.com,prefer not to say,18-34
Shandra Romaguera-Nicolas,Shandra,Air traffic controller,+10(8)1506579108,shandra@hotmail.com,female,18-34
Dr. Jamey Mills DVM,Dr,Physiotherapist,747.245.4379x635,dr@me.com,male,18-34
Orion Leuschke MD,Orion,Facilities manager,08167743322,orion@me.com,female,55+
Hilda Paucek DVM,Hilda,Wellsite geologist,+37(9)8291962790,hilda@outlook.com,male,35-54
Jefferey Walsh,Jefferey,Paramedic,900-979-3540x45770,jefferey@outlook.com,prefer not to say,18-34
Jaymes Kovacek-Runolfsdottir,Jaymes,"Production designer, theatre/television/film",396.711.5129,jaymes@me.com,male,35-54
Tiana Braun,Tiana,Osteopath,1-868-302-4779x76360,tiana@gmail.com,male,55+
Holland Paucek,Holland,IT sales professional,831.556.4852x6271,holland@hotmail.com,male,55+
Arturo Kessler-Toy,Arturo,"Scientist, marine",608-972-4930x120,arturo@gmail.com,male,35-54
Dr. Nichol McGlynn PhD,Dr,Regulatory affairs officer,287.495.0809x1634,dr@outlook.com,male,35-54
Rush Cruickshank,Rush,Bonds trader,620.027.8178x2667,rush@hotmail.com,male,55+
Adella O'Conner,Adella,"Surveyor, minerals",+29(4)3613396472,adella@me.com,male,35-54
Miss Laraine Bailey,Miss,"Geologist, wellsite",+07(3)2603748703,miss@gmail.com,female,18-34
Durrell Tillman,Durrell,Training and development officer,024.693.0940x3813,durrell@yahoo.com,female,35-54
Deric Runolfsdottir,Deric,Medical technical officer,1-536-531-8174,deric@me.com,female,35-54
Maribel Lang PhD,Maribel,Administrator,572-119-2271x800,maribel@hotmail.com,male,18-34
Dr. Judah Sauer IV,Dr,Passenger transport manager,(130)238-7251,dr@gmail.com,male,35-54
Archer Blick-Gislason,Archer,Community pharmacist,1-878-582-5454,archer@yahoo.com,female,55+
Dr. Muriel Berge,Dr,Architect,011-827-9589x6539,dr@outlook.com,male,35-54
Marley Oberbrunner-Parker,Marley,Leisure centre manager,778-702-7536,marley@yahoo.com,male,Under 18
Dr. Ether Volkman,Dr,Public relations account executive,438.163.2379x887,dr@me.com,male,18-34
Warner Dibbert,Warner,Investment analyst,384-953-3577x39124,warner@outlook.com,female,55+
Mrs. Elvera Kassulke DDS,Mrs,Web designer,179.352.2018,mrs@gmail.com,male,35-54
Dr. Jordy Mraz Sr.,Dr,Best boy,+93(0)3816946409,dr@hotmail.com,female,55+
Bertram Macejkovic-Nienow,Bertram,Purchasing manager,+31(9)8395703279,bertram@outlook.com,male,18-34
Ms. Leonora Mayer MD,Ms,Art therapist,(857)343-7911,ms@yahoo.com,female,35-54
Thelma Will,Thelma,Haematologist,211.366.1938,thelma@me.com,female,35-54
Angus Walsh Jr.,Angus,Sales executive,(933)426-7489x25930,angus@hotmail.com,male,35-54
Somer Hand,Somer,"Accountant, chartered",218-305-5573,somer@gmail.com,male,35-54
Miss Marilynn Miller DDS,Miss,Marketing executive,1-368-334-6394,miss@outlook.com,male,35-54
Deborah Ullrich-Haag,Deborah,Press sub,1-153-210-4411,deborah@outlook.com,female,55+
Edison Hodkiewicz,Edison,Photographer,+32(8)9119360280,edison@me.com,male,35-54
Fidelia Grimes,Fidelia,Fine artist,019-603-7552x0518,fidelia@me.com,male,35-54
Abbigail Carter DVM,Abbigail,"Designer, graphic",411-995-3646x65445,abbigail@hotmail.com,male,35-54
Jedediah Lemke-Fritsch,Jedediah,"Psychologist, counselling",060-926-3599,jedediah@gmail.com,male,35-54
Dr. Mitchell Nader DVM,Dr,Associate Professor,1-197-476-0373x365,dr@yahoo.com,female,35-54
Mrs. Shane Langworth DDS,Mrs,"Engineer, civil (consulting)",1-993-308-6485x27620,mrs@outlook.com,prefer not to say,18-34
Murl D'Amore MD,Murl,"Sound technician, broadcasting/film/video",04528585979,murl@hotmail.com,male,18-34
Kurt McLaughlin,Kurt,Quarry manager,900.119.2664,kurt@me.com,female,35-54
Katina Anderson,Katina,Veterinary surgeon,098.609.1065x03770,katina@yahoo.com,female,35-54
Deven Senger,Deven,Jewellery designer,1-029-048-5285x36014,deven@gmail.com,male,35-54
Dr. Jaimie Hoeger Jr.,Dr,"Lighting technician, broadcasting/film/video",960.553.0247x5131,dr@outlook.com,female,35-54
Jevon Abshire-Ondricka,Jevon,Ophthalmologist,240-961-7397x193,jevon@gmail.com,female,35-54
Dr. Cecil Ward III,Dr,Bookseller,+82(7)5291668201,dr@hotmail.com,female,55+
Tollie Leuschke-Schmitt,Tollie,Arboriculturist,05268602119,tollie@me.com,female,35-54
Codi Kunde,Codi,Chief of Staff,+90(5)0563111434,codi@outlook.com,male,55+
Mr. Evander Wilderman,Mr,Pharmacologist,(325)745-3392x0490,mr@me.com,male,35-54
Ressie Moen DDS,Ressie,"Scientist, marine",075.807.8613x1528,ressie@yahoo.com,male,55+
Mrs. Ozie Ratke,Mrs,"Teacher, early years/pre",07189409371,mrs@hotmail.com,male,35-54
Shelia Mayer,Shelia,Logistics and distribution manager,01062316449,shelia@outlook.com,female,55+
Mr. Mikel Bauch,Mr,Jewellery designer,(079)583-7119x116,mr@me.com,male,35-54
Colt Stiedemann,Colt,Biomedical scientist,(165)830-2326x01967,colt@me.com,male,35-54
Eddy Kuhn,Eddy,Location manager,958.015.8557,eddy@yahoo.com,female,35-54
Leonard Larkin,Leonard,"Journalist, newspaper",643-962-9444x514,leonard@hotmail.com,male,35-54
Ms. Venessa Green,Ms,Government social research officer,193-411-3860x6333,ms@gmail.com,male,55+
Saint Anderson,Saint,Land/geomatics surveyor,1-535-965-3180x85507,saint@hotmail.com,male,35-54
Bruce Crooks,Bruce,Banker,09649352515,bruce@outlook.com,male,35-54
Dr. Greene Nicolas,Dr,Scientific laboratory technician,+56(6)5000185280,dr@hotmail.com,male,18-34
Salomon Terry,Salomon,Insurance broker,(081)686-5082x300,salomon@yahoo.com,male,35-54
Jerrell Rice,Jerrell,Stage manager,(523)122-5045x61806,jerrell@gmail.com,female,35-54
Veva Rippin DVM,Veva,Psychiatric nurse,1-267-263-6690,veva@yahoo.com,male,18-34
Kali Olson,Kali,"Psychologist, occupational",486-167-7684x356,kali@me.com,male,55+
Dr. Sharyl Wunsch,Dr,"Psychologist, prison and probation services",+13(7)6527704055,dr@outlook.com,female,55+
Mr. Ogden DuBuque,Mr,Furniture designer,06310416013,mr@hotmail.com,female,35-54
Dr. Judd Koelpin MD,Dr,Herbalist,243-579-3461x810,dr@outlook.com,male,18-34
Mr. Bertram Cartwright Jr.,Mr,Wellsite geologist,(161)701-3092x473,mr@hotmail.com,prefer not to say,Under 18
Delmer Mraz Sr.,Delmer,Writer,1-579-286-8020x40318,delmer@gmail.com,male,18-34
Dr. Flora Ferry,Dr,Restaurant manager,(123)496-6002x21211,dr@yahoo.com,male,35-54
Ms. Essa Brakus DDS,Ms,Electronics engineer,445-239-6352x9287,ms@yahoo.com,female,35-54
Maryjo Farrell PhD,Maryjo,Teaching laboratory technician,476.067.3801x038,maryjo@yahoo.com,female,35-54
Jeannette Brekke DDS,Jeannette,Financial adviser,299-472-7019,jeannette@hotmail.com,female,18-34
Manuel Schowalter-Shields,Manuel,Risk analyst,(915)114-9293,manuel@hotmail.com,male,55+
Dionte Turcotte-Mohr,Dionte,Surgeon,430-682-5956x091,dionte@outlook.com,male,18-34
Miss Lucina Witting DDS,Miss,Chemical engineer,719.946.3990,miss@yahoo.com,male,35-54
Hernan Denesik,Hernan,Insurance risk surveyor,(454)443-2056,hernan@outlook.com,female,18-34
Dana Klocko,Dana,Industrial buyer,615.280.9147,dana@outlook.com,female,55+
Inell Goodwin,Inell,Engineering geologist,(553)308-9381,inell@hotmail.com,female,Under 18
Rhett Stokes,Rhett,Actuary,389-621-5326x908,rhett@me.com,other,18-34
Shanta Weimann MD,Shanta,Production manager,034.296.2138,shanta@outlook.com,female,35-54
Neppie Keebler,Neppie,"Horticulturist, commercial",+10(4)9017512853,neppie@yahoo.com,other,18-34
Trinidad Nicolas,Trinidad,Insurance underwriter,(622)990-9639x6621,trinidad@gmail.com,male,35-54
Theda Willms MD,Theda,"Nurse, children's",1-092-301-6384x8870,theda@me.com,male,35-54
Finnegan Daugherty,Finnegan,Community arts worker,065.752.3167x6468,finnegan@outlook.com,prefer not to say,55+
Davey Jakubowski,Davey,"Biochemist, clinical",(677)817-6599,davey@me.com,female,18-34
Ira Reichel,Ira,Financial adviser,581-167-7551x2347,ira@hotmail.com,male,55+
Angelita Kuhn,Angelita,Mechanical engineer,579-413-5227,angelita@outlook.com,male,35-54
Charley Hickle PhD,Charley,Cabin crew,05837253879,charley@hotmail.com,male,18-34
Pearlie Price-Crona,Pearlie,Futures trader,519-408-3815x8519,pearlie@outlook.com,male,55+
Alois Toy-McClure,Alois,Commercial/residential surveyor,1-921-517-3784x9257,alois@hotmail.com,male,18-34
Helga Veum,Helga,"Scientist, marine",1-418-950-6027x4090,helga@hotmail.com,male,18-34
Ms. Yasmeen Kling PhD,Ms,Product/process development scientist,(751)129-3274,ms@gmail.com,male,18-34
Patricia Ritchie,Patricia,Chartered certified accountant,(509)727-8484x26253,patricia@gmail.com,male,35-54
Larue Ebert,Larue,Sports administrator,(937)075-9378x448,larue@outlook.com,male,35-54
Clotilde McGlynn,Clotilde,Film/video editor,850-788-6162,clotilde@outlook.com,female,35-54
Dr. Price Ebert Sr.,Dr,"Engineer, site",661.299.9109x61723,dr@yahoo.com,female,35-54
Storm Schumm,Storm,Materials engineer,(622)176-4067x500,storm@me.com,female,18-34
Preston Hintz,Preston,Systems analyst,09601489958,preston@outlook.com,prefer not to say,35-54
Bode Grady,Bode,Chief of Staff,812-720-5361x6173,bode@hotmail.com,female,35-54
Kitty Wisozk,Kitty,"Programme researcher, broadcasting/film/video",1-553-676-6991x62237,kitty@gmail.com,male,18-34
Yaakov Willms DDS,Yaakov,Gaffer,147-290-0402x061,yaakov@gmail.com,female,18-34
Benjaman Kiehn-Feest,Benjaman,"Engineer, energy",1-765-575-4105x35376,benjaman@yahoo.com,female,35-54
Dr. Isabel Mitchell MD,Dr,Cabin crew,440-523-6063,dr@hotmail.com,other,55+
Mrs. Emelia Oberbrunner DDS,Mrs,Interior and spatial designer,(774)375-1058x923,mrs@hotmail.com,male,55+
Lannie Veum,Lannie,Regulatory affairs officer,+04(8)9593678850,lannie@outlook.com,prefer not to say,35-54
Dr. Vernell Metz,Dr,"Surveyor, building",03893578790,dr@yahoo.com,male,18-34
Shreya Hegmann,Shreya,Senior tax professional/tax inspector,1-395-950-8143,shreya@outlook.com,female,18-34
Bettye Nienow,Bettye,Musician,(429)209-3460x0621,bettye@outlook.com,female,35-54
Ms. Alfreda Gutmann,Ms,"Engineer, civil (consulting)",530-020-5062x485,ms@yahoo.com,other,55+
Dr. Francis Konopelski MD,Dr,Occupational therapist,252.822.9491x82544,dr@gmail.com,prefer not to say,55+
Denese Stracke,Denese,Tourist information centre manager,136.566.7868,denese@me.com,male,35-54
Javen Lowe,Javen,Arboriculturist,(178)379-5342x5189,javen@yahoo.com,male,18-34
Duane Champlin-Jacobson,Duane,Community arts worker,(374)610-9938,duane@hotmail.com,female,18-34
Lourdes Schinner,Lourdes,Associate Professor,1-088-474-1443,lourdes@me.com,male,55+
Candy Kautzer,Candy,Research scientist (physical sciences),602.188.2431,candy@yahoo.com,male,35-54
Mrs. Sudie Gutkowski,Mrs,Associate Professor,(894)456-5729,mrs@me.com,female,55+
Trevion Sawayn,Trevion,"Geneticist, molecular",843.669.8256x52193,trevion@me.com,prefer not to say,35-54
Litzy Cremin,Litzy,Records manager,793-890-5616,litzy@gmail.com,male,35-54
Mrs. Sylvania Welch,Mrs,Politician's assistant,(046)899-4738,mrs@outlook.com,male,Under 18
Dr. Margarita Toy DVM,Dr,"Editor, magazine features",(592)560-0481x857,dr@gmail.com,male,18-34
Daniela Ondricka,Daniela,"Accountant, chartered public finance",06207668296,daniela@hotmail.com,male,35-54
Bennie Hills,Bennie,Emergency planning/management officer,124.726.7673x050,bennie@me.com,female,55+
Roxie Kuhic,Roxie,Sales promotion account executive,(608)383-3736x44892,roxie@yahoo.com,female,35-54
Daisye Rolfson,Daisye,Mudlogger,874-662-6139,daisye@outlook.com,male,18-34
Dr. Lynnette Nicolas DVM,Dr,Site engineer,1-141-320-8489x01837,dr@hotmail.com,male,55+
Leigh Gleason,Leigh,"Psychologist, forensic",091-148-2803,leigh@yahoo.com,male,18-34
Denzel Stoltenberg,Denzel,"Administrator, arts",521.979.5738,denzel@yahoo.com,prefer not to say,35-54
Dr. Antonia Stoltenberg,Dr,English as a second language teacher,1-452-049-0153x30476,dr@yahoo.com,male,55+
Margaretta Hansen DVM,Margaretta,Charity officer,632.633.9199,margaretta@gmail.com,male,55+
Lolita Block,Lolita,Oceanographer,321-991-9267x46765,lolita@me.com,male,18-34
Codi Weissnat,Codi,Tourism officer,(264)504-6198x2854,codi@outlook.com,female,18-34
Buell O'Kon,Buell,Physiotherapist,1-257-333-4811x9893,buell@hotmail.com,female,18-34
Maren Bins,Maren,"Loss adjuster, chartered",(574)198-8117x165,maren@hotmail.com,female,35-54
Micheal Sporer,Micheal,"Surveyor, minerals",+45(2)9851463440,micheal@outlook.com,female,55+
Kloe Wintheiser,Kloe,Chief Technology Officer,337.965.5450x36723,kloe@me.com,male,55+
Wes Fadel-Kihn,Wes,Artist,033.224.1177,wes@me.com,male,35-54
Montana Schinner,Montana,Research scientist (physical sciences),1-019-100-5479x55307,montana@outlook.com,male,18-34
Leaner Bernier DVM,Leaner,Training and development officer,(467)723-8315x69822,leaner@outlook.com,female,35-54
Tawny Hoeger-Kiehn,Tawny,Chief Financial Officer,1-078-595-1911x89575,tawny@hotmail.com,female,35-54
Prentiss Ratke,Prentiss,"Social research officer, government",(514)717-1664,prentiss@hotmail.com,male,18-34
Yehuda Keebler,Yehuda,Lexicographer,1-691-743-5213x6229,yehuda@gmail.com,female,18-34
Offie Powlowski,Offie,Animal nutritionist,048.396.9342,offie@gmail.com,male,55+
Cornie Feil DVM,Cornie,"Geneticist, molecular",08277107781,cornie@gmail.com,male,35-54
Carroll Hayes MD,Carroll,Cartographer,(091)439-7607x12019,carroll@me.com,female,18-34
Larry Friesen,Larry,Financial adviser,780.283.0655,larry@outlook.com,female,18-34
Clydie Willms,Clydie,"Engineer, electrical",07688091633,clydie@outlook.com,female,35-54
Miss Bina Gutmann DVM,Miss,Insurance account manager,578-770-7930,miss@outlook.com,male,18-34
Mr. Houston Von,Mr,Charity officer,1-013-363-7098,mr@outlook.com,female,18-34
Shawnee Klocko,Shawnee,Mechanical engineer,568.726.8523,shawnee@me.com,male,35-54
Jake Feest-Hintz,Jake,Press sub,06461871561,jake@me.com,male,18-34
Alta Reinger,Alta,Forensic psychologist,1-581-742-9567x7854,alta@yahoo.com,male,35-54
Gwen Jaskolski,Gwen,Aid worker,271-437-9898x94537,gwen@hotmail.com,female,55+
Wenzel Sporer,Wenzel,Firefighter,1-104-905-9405x382,wenzel@hotmail.com,female,55+
Renee Weimann,Renee,Research scientist (physical sciences),804-643-7855x684,renee@outlook.com,male,55+
Warner Langosh-Hand,Warner,Radiation protection practitioner,701-097-3730,warner@me.com,male,18-34
Dr. Rylan Wisozk II,Dr,"Investment banker, operational",480-637-2719x570,dr@yahoo.com,male,35-54
Winfred Steuber-Huel,Winfred,Commercial horticulturist,1-082-672-1853x82866,winfred@yahoo.com,male,55+
Ivor Friesen,Ivor,Higher education careers adviser,05038239694,ivor@yahoo.com,female,18-34
Dr. Rickie Mann MD,Dr,Ophthalmologist,145.800.3379x115,dr@hotmail.com,other,35-54
Merlin Bartell,Merlin,Surgeon,1-242-623-8105,merlin@outlook.com,male,55+
Everett Predovic-Zulauf,Everett,Public relations account executive,264.651.9625,everett@yahoo.com,female,35-54
Chadd DuBuque,Chadd,Media planner,1-216-950-8062x479,chadd@outlook.com,male,Under 18
Garth Connelly V,Garth,Claims inspector/assessor,+19(0)2343871394,garth@gmail.com,female,35-54
Maeve Collier,Maeve,"Psychotherapist, child",(591)806-0758x64434,maeve@gmail.com,female,35-54
Norah Veum,Norah,Archaeologist,304.261.4271,norah@yahoo.com,female,35-54
Kasey Tremblay,Kasey,"Nurse, adult",827.605.8910,kasey@gmail.com,male,18-34
Clarabelle Wintheiser,Clarabelle,Clinical embryologist,+24(7)5235264807,clarabelle@outlook.com,male,18-34
Mrs. Callie Gorczany DVM,Mrs,"Conservator, furniture",06013140089,mrs@me.com,female,55+
Kelvin Brown,Kelvin,"Administrator, sports",803.951.1534x7881,kelvin@hotmail.com,female,55+
Rico DuBuque-Botsford,Rico,Academic librarian,06507557307,rico@me.com,male,18-34
Coral Grant,Coral,Production manager,(248)862-4505x4446,coral@hotmail.com,male,18-34
Jaiden Eichmann,Jaiden,Wellsite geologist,509-252-2690x83426,jaiden@yahoo.com,female,18-34
Jimena Leffler-Bernhard,Jimena,Holiday representative,588-048-0620x523,jimena@hotmail.com,male,18-34
Kelley Buckridge IV,Kelley,Toxicologist,332-001-7956,kelley@outlook.com,male,18-34
Sheryll Emard PhD,Sheryll,Television floor manager,660.698.9533x500,sheryll@gmail.com,male,35-54
Vanessa Hoeger,Vanessa,Merchant navy officer,985-129-3739,vanessa@me.com,other,55+
Mrs. Abbigail Lowe,Mrs,"Surveyor, quantity",(881)557-9776,mrs@outlook.com,male,18-34
Jarvis Klein-Bechtelar,Jarvis,Geographical information systems officer,(630)093-3840,jarvis@yahoo.com,male,35-54
Latasha Turcotte,Latasha,"Engineer, mining",129.911.6840x527,latasha@me.com,male,55+
Georgiana Denesik MD,Georgiana,Musician,362-385-2273x47366,georgiana@gmail.com,female,55+
Dr. Wilkie Crona III,Dr,Clinical cytogeneticist,007-852-0323,dr@me.com,male,55+
Cristian Fahey,Cristian,"Scientist, forensic",433.590.9054x368,cristian@me.com,male,35-54
Miss Lisa Lind PhD,Miss,Horticultural consultant,08056270476,miss@gmail.com,female,35-54
Debby Kris,Debby,Chiropractor,207-033-4214x3642,debby@yahoo.com,female,18-34
Aloysius Stark DDS,Aloysius,"Development worker, community",1-182-385-3468,aloysius@yahoo.com,female,55+
Jovita Walter,Jovita,Fine artist,411.993.2073x381,jovita@yahoo.com,male,35-54
Ms. Adriana Leannon PhD,Ms,Theatre manager,(925)636-6780,ms@hotmail.com,female,35-54
Tricia Cronin,Tricia,Naval architect,07186689854,tricia@gmail.com,male,18-34
Ian Gleichner III,Ian,"Engineer, land",1-103-350-6265x61680,ian@yahoo.com,prefer not to say,55+
Estefani Kautzer,Estefani,Manufacturing engineer,808-513-4431x0283,estefani@hotmail.com,female,18-34
Benjman Bogan,Benjman,Hospital pharmacist,149-857-2091,benjman@outlook.com,female,18-34
Mr. Kellan Fadel,Mr,Psychotherapist,(303)062-0315,mr@hotmail.com,male,35-54
Asberry Morar,Asberry,Mining engineer,1-552-153-0819,asberry@yahoo.com,male,18-34
Margarett Borer,Margarett,Advertising art director,107-767-9456,margarett@me.com,male,35-54
Cristal Hilll,Cristal,Town planner,1-139-570-6888,cristal@yahoo.com,male,35-54
Mrs. Sherlyn Tillman MD,Mrs,"Teacher, primary school",048-157-4188x836,mrs@outlook.com,female,35-54
Mr. Remington Pollich I,Mr,Chief of Staff,+42(3)8152969048,mr@yahoo.com,female,35-54
Aleena Marks,Aleena,Water quality scientist,(351)383-2917,aleena@yahoo.com,female,55+
Tyreek Welch,Tyreek,"Engineer, broadcasting (operations)",(093)039-6487x0221,tyreek@me.com,female,18-34
Mettie Klocko,Mettie,"Engineer, materials",(069)175-3776x4268,mettie@me.com,male,Under 18
Alek Upton III,Alek,Forest/woodland manager,(367)347-2052,alek@gmail.com,male,55+
Germaine Runolfsson,Germaine,Dealer,+56(0)7472068500,germaine@hotmail.com,female,55+
Micheal Predovic-Lueilwitz,Micheal,Lexicographer,424-295-3982x25049,micheal@hotmail.com,female,18-34
Miriah Koelpin,Miriah,Outdoor activities/education manager,1-547-690-4724,miriah@outlook.com,female,55+
Lydell Jast,Lydell,Clothing/textile technologist,1-194-131-5655x575,lydell@me.com,female,35-54
Finley Turcotte,Finley,Equality and diversity officer,987-635-3554x9632,finley@hotmail.com,male,55+
Miss Jamey Rau MD,Miss,"Restaurant manager, fast food",047.739.3718x6943,miss@outlook.com,male,35-54
Ms. Dawna Ward,Ms,Food technologist,809.302.9348,ms@me.com,male,35-54
Hildur Rolfson,Hildur,Museum/gallery exhibitions officer,1-808-722-8279x69619,hildur@outlook.com,male,55+
Elayne Beahan MD,Elayne,Publishing rights manager,05475239605,elayne@yahoo.com,male,35-54
Takisha Rowe MD,Takisha,"Geneticist, molecular",02376448693,takisha@gmail.com,female,35-54
Yee Hodkiewicz,Yee,Associate Professor,(971)079-1876,yee@me.com,other,18-34
Hillary Kuhn,Hillary,English as a second language teacher,(183)375-5345,hillary@me.com,other,35-54
Vince Dare II,Vince,Interior and spatial designer,(483)631-9145x4527,vince@me.com,male,55+
Mrs. Eula Schmitt,Mrs,Music tutor,647-327-0943x5248,mrs@me.com,male,55+
Vernetta McLaughlin DVM,Vernetta,Community development worker,822.234.5673x959,vernetta@yahoo.com,male,35-54
Mr. Con Zboncak,Mr,Multimedia specialist,(240)729-5982x04401,mr@me.com,female,35-54
Kasie Torphy,Kasie,"Horticulturist, commercial",1-525-033-0673x928,kasie@me.com,prefer not to say,18-34
Vernell Gorczany DDS,Vernell,"Scientist, clinical (histocompatibility and immunogenetics)",(604)706-6280x47135,vernell@gmail.com,male,55+
Edwardo Schaden,Edwardo,Magazine features editor,438.019.5150,edwardo@gmail.com,male,35-54
Oswaldo Sanford,Oswaldo,Barrister's clerk,(978)840-8653x8714,oswaldo@yahoo.com,male,55+
Loran Greenfelder,Loran,Medical physicist,1-192-245-7910x330,loran@hotmail.com,female,35-54
Dr. Louise Littel,Dr,Information systems manager,698.103.8074,dr@gmail.com,female,18-34
Francisquita Aufderhar,Francisquita,Brewing technologist,(572)181-2137x148,francisquita@yahoo.com,prefer not to say,55+
Kimberly Hayes,Kimberly,Futures trader,674.136.7236,kimberly@yahoo.com,male,55+
Bradford Eichmann,Bradford,"Programmer, systems",363-178-4774x00536,bradford@me.com,prefer not to say,18-34
Dr. Shae Boyer,Dr,"Accountant, chartered certified",1-210-654-1103,dr@outlook.com,male,55+
Tori Wilderman DDS,Tori,Water engineer,(998)763-4550x481,tori@yahoo.com,female,18-34
Nunzio Walker,Nunzio,Data scientist,(070)903-2770x5713,nunzio@hotmail.com,female,35-54
Mrs. Rosalee O'Conner,Mrs,Environmental health practitioner,(957)956-0703x52850,mrs@yahoo.com,other,55+
Allyson Jones,Allyson,"Research officer, political party",(958)981-6560,allyson@gmail.com,male,18-34
Flo Schultz-Padberg,Flo,Futures trader,(819)727-6719x358,flo@yahoo.com,male,55+
Ellie Moen-Luettgen,Ellie,Site engineer,1-507-198-7322,ellie@hotmail.com,male,55+
Omer Miller IV,Omer,Administrator,505.867.1169,omer@me.com,male,18-34
Donell Breitenberg,Donell,Glass blower/designer,1-721-603-1163x095,donell@yahoo.com,female,18-34
Claribel Runolfsdottir,Claribel,Insurance risk surveyor,(460)338-1333x68705,claribel@hotmail.com,male,55+
Ephraim Leuschke,Ephraim,Radiation protection practitioner,171-727-1508x2697,ephraim@outlook.com,female,35-54
Lawrence Hintz,Lawrence,"Engineer, civil (consulting)",071.335.2664,lawrence@hotmail.com,male,55+
Dr. Levar Hettinger,Dr,"Engineer, chemical",209.466.6952,dr@me.com,male,35-54
Kelsi Barton MD,Kelsi,Diagnostic radiographer,1-020-576-5319x2423,kelsi@gmail.com,male,35-54
Dr. Jaeden Fadel Sr.,Dr,"Radiographer, therapeutic",994-418-9552x4536,dr@me.com,male,Under 18
Mrs. Chiquita Stanton,Mrs,Local government officer,356-669-4267,mrs@hotmail.com,male,35-54
Odis Olson,Odis,"Chemist, analytical",+81(9)2875660939,odis@gmail.com,female,55+
Anona Nitzsche,Anona,"Designer, television/film set",(147)510-7293,anona@gmail.com,male,55+
Miss Natalia Daniel,Miss,Barrister,567.273.9970x94218,miss@yahoo.com,female,35-54
Mr. Duff Heathcote,Mr,Charity fundraiser,1-544-780-4434x70443,mr@hotmail.com,female,55+
Mr. Pate Miller,Mr,Environmental consultant,(292)290-4870x68642,mr@outlook.com,male,55+
Mr. Dedrick Douglas II,Mr,"Psychologist, forensic",174-882-5790,mr@outlook.com,prefer not to say,35-54
Keyshawn Cronin,Keyshawn,Archaeologist,(848)898-3039x82450,keyshawn@yahoo.com,female,Under 18
Mrs. Adell Pacocha,Mrs,Warden/ranger,873.996.5980x685,mrs@hotmail.com,female,35-54
Dr. Alejandra Maggio MD,Dr,Musician,416.132.4416x551,dr@hotmail.com,male,18-34
Edwardo Mertz,Edwardo,Financial adviser,184.949.9732,edwardo@yahoo.com,female,18-34
Tyshawn Grant-Ebert,Tyshawn,Estate agent,000.724.8903,tyshawn@gmail.com,female,35-54
Lannie Runolfsdottir,Lannie,Commissioning editor,07799890614,lannie@outlook.com,male,18-34
Miss Camille Rutherford,Miss,"Engineer, structural",06675449975,miss@yahoo.com,male,55+
Grisel Berge,Grisel,"Engineer, biomedical",271.582.2123x6586,grisel@hotmail.com,male,35-54
Ms. Rashida Gleason,Ms,Tax inspector,08215513349,ms@outlook.com,male,35-54
Miss Danyel Ruecker,Miss,"Pharmacist, hospital",1-958-333-0693,miss@outlook.com,male,35-54
Mr. Kenney Hamill DVM,Mr,Air broker,1-571-770-5390,mr@gmail.com,female,35-54
Giana Stanton,Giana,Medical technical officer,142.930.1941,giana@yahoo.com,female,18-34
Hiroshi Botsford,Hiroshi,Corporate investment banker,799.196.8828,hiroshi@hotmail.com,male,55+
Arvel Beatty,Arvel,Hydrographic surveyor,(845)098-0514x0164,arvel@gmail.com,female,55+
Georgette Hansen,Georgette,English as a foreign language teacher,(266)814-5314,georgette@hotmail.com,male,55+
Vernell Runolfsson,Vernell,Product/process development scientist,797-441-2003,vernell@yahoo.com,female,35-54
Hortensia Ryan DVM,Hortensia,Community development worker,1-796-390-9298,hortensia@hotmail.com,male,18-34
Azzie Bashirian,Azzie,Armed forces training and education officer,426.646.1410x9183,azzie@yahoo.com,male,18-34
Dominick Jones-Davis,Dominick,Health and safety adviser,285.084.2266,dominick@yahoo.com,female,55+
Erland Anderson,Erland,Broadcast journalist,296-810-4564x2142,erland@yahoo.com,female,35-54
Kenton Hackett,Kenton,"Pharmacist, community",+24(0)4434509522,kenton@hotmail.com,male,18-34
Reanna Turner,Reanna,Insurance claims handler,+46(0)7765482414,reanna@me.com,male,Under 18
Saniya Parker DVM,Saniya,Geophysical data processor,(836)141-6444x934,saniya@me.com,male,35-54
Terrill Quigley,Terrill,Emergency planning/management officer,774.069.6342,terrill@gmail.com,male,35-54
Baby Hagenes,Baby,"Engineer, building services",00376176675,baby@gmail.com,male,18-34
Edla Grant,Edla,Clothing/textile technologist,1-637-030-7009,edla@hotmail.com,male,35-54
Dr. Vonda Strosin DDS,Dr,Actor,826.443.5119x9380,dr@me.com,other,35-54
Byrd Nader-Huel,Byrd,Medical laboratory scientific officer,(059)914-3499,byrd@gmail.com,male,55+
Mr. Tyrese Emard,Mr,"Scientist, research (physical sciences)",256.277.4509x2937,mr@gmail.com,male,35-54
Mr. Jagger Pollich Sr.,Mr,Careers adviser,1-041-175-7927,mr@me.com,male,35-54
Zhane Lockman,Zhane,Tax adviser,708.197.9523,zhane@outlook.com,male,55+
Mr. Carey Ratke III,Mr,Chartered management accountant,1-302-291-7363x96365,mr@me.com,female,Under 18
Tab Heaney,Tab,Licensed conveyancer,148.774.4190,tab@hotmail.com,male,35-54
Kellan Zulauf,Kellan,Records manager,522.143.0976,kellan@outlook.com,male,18-34
Chyna Haag,Chyna,"Research officer, government",08634107964,chyna@me.com,male,55+
Dr. Parthenia Bailey DDS,Dr,Land,+14(8)8962869177,dr@me.com,male,35-54
Gerald Tremblay,Gerald,"Research officer, political party",06906494492,gerald@yahoo.com,male,55+
Dr. Abe Reilly,Dr,Police officer,+71(9)8249862583,dr@yahoo.com,male,35-54
Mr. Mitchell Mitchell,Mr,Barrister,245.682.4373x1327,mr@gmail.com,other,18-34
Dr. Caden Tillman DVM,Dr,"Scientist, research (physical sciences)",534.393.1951x515,dr@yahoo.com,female,35-54
Dr. Deandre Hessel,Dr,Hydrogeologist,1-847-413-3013,dr@outlook.com,prefer not to say,35-54
Lizette Feil,Lizette,IT trainer,394.506.1514x08783,lizette@outlook.com,male,35-54
Mr. Cash Bergstrom PhD,Mr,"Surveyor, mining",227-778-3994x642,mr@outlook.com,male,55+
Branden Sporer,Branden,Press photographer,(936)711-9005x7397,branden@hotmail.com,male,35-54
Mrs. Assunta Rempel DDS,Mrs,Volunteer coordinator,849-111-6890,mrs@outlook.com,male,55+
Alver Moore,Alver,Seismic interpreter,(670)050-5195,alver@gmail.com,other,35-54
Ms. Bambi Price MD,Ms,Acupuncturist,239.731.7718x584,ms@hotmail.com,male,55+
Amari Oberbrunner-Johnson,Amari,"Designer, graphic",1-352-485-0745x838,amari@me.com,male,55+
Janet Weimann,Janet,Patent attorney,932-961-2230,janet@outlook.com,female,35-54
Nicholas Wisozk,Nicholas,Emergency planning/management officer,+32(7)2269014212,nicholas@gmail.com,female,18-34
Leda Kunde,Leda,Seismic interpreter,1-772-998-4534,leda@me.com,male,35-54
Celina Dibbert,Celina,Art gallery manager,1-467-668-6893x17588,celina@hotmail.com,male,35-54
Miss Alabama Thiel DDS,Miss,Set designer,1-235-587-3898x966,miss@gmail.com,female,35-54
Clair Herman,Clair,Tourism officer,629-968-3650,clair@gmail.com,male,55+
Mr. Domingo Carter,Mr,"Surveyor, mining",06578243564,mr@hotmail.com,male,35-54
Barry Hettinger,Barry,"Conservator, furniture",+64(8)8266661371,barry@yahoo.com,female,35-54
Ms. Vita Nader,Ms,Food technologist,845.263.8845,ms@yahoo.com,male,18-34
Dora Keebler V,Dora,"Engineer, technical sales",1-070-582-8519x579,dora@me.com,male,35-54
Fount Nitzsche,Fount,"Engineer, materials",246.892.5861,fount@gmail.com,female,55+
Dafne Doyle,Dafne,"Sales professional, IT",1-329-509-4854,dafne@outlook.com,male,35-54
Marlene Kuhlman,Marlene,Ranger/warden,07451302497,marlene@hotmail.com,male,Under 18
Mrs. Nyah Erdman,Mrs,Set designer,(463)543-8961,mrs@me.com,female,18-34
Dariana Morissette,Dariana,Hospital doctor,1-187-794-3574,dariana@hotmail.com,male,55+
Dixon Yost,Dixon,Air cabin crew,(944)032-7183x631,dixon@gmail.com,male,35-54
Squire Hirthe,Squire,Public house manager,+98(9)7242095933,squire@hotmail.com,female,55+
Darrien Stiedemann-Bahringer,Darrien,Industrial buyer,967-399-8861,darrien@hotmail.com,prefer not to say,35-54
Sanders Schoen,Sanders,"Engineer, drilling",07195743633,sanders@outlook.com,female,35-54
Jerusha Swaniawski,Jerusha,Site engineer,849.404.7462,jerusha@outlook.com,other,55+
Jabbar Grimes,Jabbar,"Doctor, hospital",(087)614-3000x0812,jabbar@me.com,female,55+
Wally Thompson,Wally,Haematologist,341.285.7430x79382,wally@yahoo.com,female,55+
Dr. Williard Connelly,Dr,Operations geologist,1-376-221-2209x824,dr@outlook.com,male,55+
Alec Wisoky,Alec,Leisure centre manager,007-187-5362,alec@hotmail.com,other,35-54
Rosina Bode PhD,Rosina,Toxicologist,+95(6)7716746517,rosina@gmail.com,male,18-34
Judge Sanford DVM,Judge,"Engineer, petroleum",629.502.4255x47225,judge@gmail.com,male,35-54
Evan McLaughlin,Evan,Games developer,539-196-4670x322,evan@yahoo.com,male,55+
Lakeshia Koch,Lakeshia,"Librarian, academic",283-535-4640x38555,lakeshia@me.com,male,18-34
Toshio Herzog,Toshio,Ship broker,1-622-818-8665,toshio@hotmail.com,male,18-34
Dorsey Schmeler I,Dorsey,Printmaker,771-987-8725,dorsey@yahoo.com,male,35-54
Vernelle Pfeffer,Vernelle,Graphic designer,(306)393-2511x858,vernelle@hotmail.com,other,55+
Miss Wava Klein,Miss,Medical laboratory scientific officer,131.231.1497x088,miss@outlook.com,other,35-54
Wilfrid Rosenbaum,Wilfrid,"Biochemist, clinical",1-542-419-4861x30560,wilfrid@outlook.com,female,18-34
Charly Jacobs,Charly,Environmental manager,1-819-677-7791,charly@me.com,male,18-34
Shawnda Walsh,Shawnda,Chief Operating Officer,524-778-2849x6380,shawnda@gmail.com,male,35-54
Sebastian Haag II,Sebastian,Retail buyer,641-855-6776,sebastian@hotmail.com,female,35-54
Dr. Lyle Littel,Dr,Physiological scientist,112-629-6529,dr@gmail.com,male,35-54
Burley Nitzsche,Burley,"Copywriter, advertising",571-140-2476x53894,burley@hotmail.com,male,35-54
Krysta Schimmel,Krysta,Forensic scientist,379.345.9483x0851,krysta@me.com,male,35-54
Harlene Mueller,Harlene,Information systems manager,996-650-5116,harlene@yahoo.com,male,35-54
Casper Kuhn,Casper,Company secretary,1-863-964-1463x628,casper@gmail.com,male,18-34
Owens Crist,Owens,Comptroller,1-367-531-3344x6096,owens@me.com,female,18-34
Alijah Steuber,Alijah,Careers information officer,123.953.8237x9126,alijah@hotmail.com,male,35-54
Terrell Torphy Jr.,Terrell,Rural practice surveyor,116.821.8529x6582,terrell@gmail.com,female,18-34
Brien Stanton V,Brien,Architectural technologist,223.269.1884,brien@gmail.com,male,Under 18
Saniyah Hegmann MD,Saniyah,Counselling psychologist,1-874-265-8247,saniyah@hotmail.com,male,55+
Peggy Kub,Peggy,Furniture conservator/restorer,1-367-950-2515x53715,peggy@yahoo.com,male,18-34
Fronie Hirthe,Fronie,Film/video editor,633-321-4117,fronie@yahoo.com,female,55+
Cielo Labadie,Cielo,Marine scientist,1-096-182-3479x55054,cielo@yahoo.com,male,18-34
Caleigh Ward,Caleigh,International aid/development worker,532.499.6202,caleigh@gmail.com,prefer not to say,55+
Berneice Muller DVM,Berneice,Warden/ranger,(655)564-9940x483,berneice@yahoo.com,female,55+
Braylon Green,Braylon,English as a second language teacher,824.312.1898x9734,braylon@yahoo.com,male,Under 18
Adamaris Schaefer,Adamaris,"Civil engineer, consulting",+05(9)9198240714,adamaris@gmail.com,female,18-34
Ashely Farrell,Ashely,Media planner,03485868182,ashely@yahoo.com,male,35-54
Adina Waelchi-Fisher,Adina,"Scientist, research (medical)",670.278.6970,adina@outlook.com,male,35-54
Carnell Nikolaus,Carnell,Retail buyer,514.475.6894x455,carnell@hotmail.com,male,18-34
Elena Koss,Elena,Occupational hygienist,04350541828,elena@hotmail.com,male,55+
Mr. Kwame Cummerata,Mr,Aeronautical engineer,(851)515-3416,mr@gmail.com,female,35-54
Loma Reilly,Loma,Research scientist (medical),01154230708,loma@hotmail.com,other,18-34
Hoyt Boyle DVM,Hoyt,Recruitment consultant,423.881.0218,hoyt@yahoo.com,male,18-34
Dr. Tamela Auer MD,Dr,Professor Emeritus,(052)242-9563x6843,dr@gmail.com,male,55+
Ms. Sheyla Lubowitz,Ms,"Development worker, community",(218)295-7012x30577,ms@outlook.com,male,35-54
Aron Lehner,Aron,Contractor,(941)031-4072,aron@outlook.com,male,35-54
Mrs. Consuela Swift PhD,Mrs,Writer,(779)438-0577,mrs@outlook.com,male,55+
Holly Nicolas PhD,Holly,"Lighting technician, broadcasting/film/video",1-462-136-0872x494,holly@outlook.com,female,18-34
Dr. Sigrid Cruickshank MD,Dr,Insurance risk surveyor,286-643-4983x34826,dr@gmail.com,female,55+
Alyvia Orn DDS,Alyvia,Textile designer,082-913-0757,alyvia@me.com,male,18-34
Cami Beahan,Cami,"Solicitor, Scotland",(481)435-8474,cami@gmail.com,female,35-54
Demetrios O'Reilly III,Demetrios,Race relations officer,(812)864-2170x29741,demetrios@outlook.com,prefer not to say,35-54
Bina Osinski DVM,Bina,"Journalist, broadcasting",07603034048,bina@me.com,male,18-34
Loney Rogahn,Loney,Electrical engineer,+26(8)4436017152,loney@hotmail.com,male,55+
